{"cameraMode":{"drawMode":0,"name":"Shaded","section":"Shading Mode"},"sceneLighting":false,"audioPlay":false,"sceneViewState":{"showFog":true,"showMaterialUpdate":false,"showSkybox":false,"showFlares":true,"showImageEffects":true,"showParticleSystems":true},"in2DMode":false,"pivot":{"x":-6.72348165512085,"y":0.6351548433303833,"z":-4.471195220947266},"rotation":{"x":0.3778492212295532,"y":0.07741403579711914,"z":-0.03172377124428749,"w":0.9220795035362244},"size":1.6413826942443848,"orthographic":false}