{"cameraMode":{"drawMode":0,"name":"Shaded","section":"Shading Mode"},"sceneLighting":true,"audioPlay":false,"sceneViewState":{"showFog":true,"showMaterialUpdate":false,"showSkybox":true,"showFlares":true,"showImageEffects":true,"showParticleSystems":true},"in2DMode":false,"pivot":{"x":-53.94805908203125,"y":-18.44390106201172,"z":-139.64500427246095},"rotation":{"x":0.9393998980522156,"y":-0.013352426700294018,"z":-0.34057682752609255,"w":-0.03683861345052719},"size":207.0772247314453,"orthographic":false}