{"cameraMode":{"drawMode":0,"name":"Shaded","section":"Shading Mode"},"sceneLighting":true,"audioPlay":false,"sceneViewState":{"showFog":true,"showMaterialUpdate":false,"showSkybox":true,"showFlares":true,"showImageEffects":true,"showParticleSystems":true},"in2DMode":false,"pivot":{"x":10.758949279785157,"y":9.913593292236329,"z":-8.97005558013916},"rotation":{"x":0.23029324412345887,"y":-0.1651618629693985,"z":0.03969185799360275,"w":0.9581811428070068},"size":3.2756054401397707,"orthographic":false}