{"cameraMode":{"drawMode":0,"name":"Shaded","section":"Shading Mode"},"sceneLighting":true,"audioPlay":false,"sceneViewState":{"showFog":true,"showMaterialUpdate":false,"showSkybox":true,"showFlares":true,"showImageEffects":true,"showParticleSystems":true},"in2DMode":false,"pivot":{"x":-0.7790359258651733,"y":-18.0087947845459,"z":-12.026228904724121},"rotation":{"x":0.4589463174343109,"y":0.22061499953269959,"z":-0.11878367513418198,"w":0.8524012565612793},"size":-0.6636918783187866,"orthographic":false}