{"cameraMode":{"drawMode":0,"name":"Shaded","section":"Shading Mode"},"sceneLighting":true,"audioPlay":false,"sceneViewState":{"showFog":true,"showMaterialUpdate":false,"showSkybox":true,"showFlares":true,"showImageEffects":true,"showParticleSystems":true},"in2DMode":false,"pivot":{"x":0.2532779574394226,"y":-22.721921920776368,"z":-9.760348320007325},"rotation":{"x":0.5743904113769531,"y":0.08172781020402909,"z":-0.05778195708990097,"w":0.8124392032623291},"size":3.5363078117370607,"orthographic":false}