{"cameraMode":{"drawMode":0,"name":"Shaded","section":"Shading Mode"},"sceneLighting":false,"audioPlay":false,"sceneViewState":{"showFog":true,"showMaterialUpdate":false,"showSkybox":false,"showFlares":true,"showImageEffects":true,"showParticleSystems":true},"in2DMode":false,"pivot":{"x":-6.929806232452393,"y":2.333899974822998,"z":-6.1602654457092289},"rotation":{"x":0.3872220814228058,"y":0.03434057906270027,"z":-0.014435465447604657,"w":0.9212336540222168},"size":1.6413826942443848,"orthographic":false}