{"cameraMode":{"drawMode":0,"name":"Shaded","section":"Shading Mode"},"sceneLighting":false,"audioPlay":false,"sceneViewState":{"showFog":true,"showMaterialUpdate":false,"showSkybox":false,"showFlares":true,"showImageEffects":true,"showParticleSystems":true},"in2DMode":false,"pivot":{"x":2.1716325283050539,"y":0.8169405460357666,"z":-3.5183145999908449},"rotation":{"x":-0.4355139136314392,"y":0.11848454922437668,"z":-0.05794466286897659,"w":-0.8904669880867004},"size":3.7413806915283205,"orthographic":false}