{"cameraMode":{"drawMode":0,"name":"Shaded","section":"Shading Mode"},"sceneLighting":true,"audioPlay":false,"sceneViewState":{"showFog":true,"showMaterialUpdate":false,"showSkybox":true,"showFlares":true,"showImageEffects":true,"showParticleSystems":true},"in2DMode":false,"pivot":{"x":-95.81150817871094,"y":-59.77959442138672,"z":12.000373840332032},"rotation":{"x":0.2568744122982025,"y":-0.5889406800270081,"z":0.2048676609992981,"w":0.7383723855018616},"size":105.48135375976563,"orthographic":false}