{"cameraMode":{"drawMode":0,"name":"Shaded","section":"Shading Mode"},"sceneLighting":true,"audioPlay":false,"sceneViewState":{"showFog":true,"showMaterialUpdate":false,"showSkybox":true,"showFlares":true,"showImageEffects":true,"showParticleSystems":true},"in2DMode":false,"pivot":{"x":-43.68944549560547,"y":-2.2378671169281008,"z":-5.033092498779297},"rotation":{"x":0.055534426122903827,"y":-0.7276644110679627,"z":0.059314627200365069,"w":0.6811037659645081},"size":25.83519172668457,"orthographic":false}