{"cameraMode":{"drawMode":0,"name":"Shaded","section":"Shading Mode"},"sceneLighting":true,"audioPlay":false,"sceneViewState":{"showFog":true,"showMaterialUpdate":false,"showSkybox":true,"showFlares":true,"showImageEffects":true,"showParticleSystems":true},"in2DMode":false,"pivot":{"x":887.4592895507813,"y":410.6119079589844,"z":-275.8038330078125},"rotation":{"x":-0.01768661104142666,"y":-0.013191948644816876,"z":-0.00023432531452272087,"w":0.9997565150260925},"size":974.1552734375,"orthographic":false}