{"cameraMode":{"drawMode":0,"name":"Shaded","section":"Shading Mode"},"sceneLighting":true,"audioPlay":false,"sceneViewState":{"showFog":true,"showMaterialUpdate":false,"showSkybox":false,"showFlares":true,"showImageEffects":true,"showParticleSystems":true},"in2DMode":false,"pivot":{"x":799.638916015625,"y":-275.28485107421877,"z":418.1908874511719},"rotation":{"x":-0.09608959406614304,"y":-0.8108925819396973,"z":0.1389971673488617,"w":-0.5602676868438721},"size":2811.841796875,"orthographic":false}