{"cameraMode":{"drawMode":0,"name":"Shaded","section":"Shading Mode"},"sceneLighting":true,"audioPlay":false,"sceneViewState":{"showFog":true,"showMaterialUpdate":false,"showSkybox":true,"showFlares":true,"showImageEffects":true,"showParticleSystems":true},"in2DMode":false,"pivot":{"x":4.93862247467041,"y":-41.99360275268555,"z":95.93108367919922},"rotation":{"x":-0.24527493119239808,"y":0.011427723802626133,"z":-0.00287256739102304,"w":-0.9693819880485535},"size":98.71330261230469,"orthographic":false}