{"cameraMode":{"drawMode":0,"name":"Shaded","section":"Shading Mode"},"sceneLighting":true,"audioPlay":false,"sceneViewState":{"showFog":true,"showMaterialUpdate":false,"showSkybox":true,"showFlares":true,"showImageEffects":true,"showParticleSystems":true},"in2DMode":false,"pivot":{"x":-2.8236217498779299,"y":2.0553929805755617,"z":10.316483497619629},"rotation":{"x":-0.02495189942419529,"y":-0.6966796517372131,"z":0.02426118776202202,"w":-0.7165377140045166},"size":4.674811840057373,"orthographic":false}