{"cameraMode":{"drawMode":0,"name":"Shaded","section":"Shading Mode"},"sceneLighting":true,"audioPlay":false,"sceneViewState":{"showFog":true,"showMaterialUpdate":false,"showSkybox":true,"showFlares":true,"showImageEffects":true,"showParticleSystems":true},"in2DMode":false,"pivot":{"x":29.21919822692871,"y":2.8113865852355959,"z":-6.443386077880859},"rotation":{"x":-0.010285481810569764,"y":-0.6691322326660156,"z":0.009265563450753689,"w":-0.7430144548416138},"size":46.36081314086914,"orthographic":false}