{"cameraMode":{"drawMode":0,"name":"Shaded","section":"Shading Mode"},"sceneLighting":true,"audioPlay":false,"sceneViewState":{"showFog":true,"showMaterialUpdate":false,"showSkybox":true,"showFlares":true,"showImageEffects":true,"showParticleSystems":true},"in2DMode":false,"pivot":{"x":4.959506988525391,"y":0.44219160079956057,"z":12.088397026062012},"rotation":{"x":0.027469316497445108,"y":0.6869483590126038,"z":-0.025943594053387643,"w":0.7257233262062073},"size":22.989999771118165,"orthographic":false}