{"cameraMode":{"drawMode":0,"name":"Shaded","section":"Shading Mode"},"sceneLighting":true,"audioPlay":false,"sceneViewState":{"showFog":true,"showMaterialUpdate":false,"showSkybox":true,"showFlares":true,"showImageEffects":true,"showParticleSystems":true},"in2DMode":false,"pivot":{"x":-9.704614639282227,"y":6.33476448059082,"z":96.6645278930664},"rotation":{"x":-0.0048156725242733959,"y":0.07889197021722794,"z":-0.00036109579377807677,"w":-0.9968715310096741},"size":98.71330261230469,"orthographic":false}