{"cameraMode":{"drawMode":0,"name":"Shaded","section":"Shading Mode"},"sceneLighting":true,"audioPlay":false,"sceneViewState":{"showFog":true,"showMaterialUpdate":false,"showSkybox":true,"showFlares":true,"showImageEffects":true,"showParticleSystems":true},"in2DMode":false,"pivot":{"x":28.73918914794922,"y":-5.458158016204834,"z":-1.1498281955718995},"rotation":{"x":-0.07852396368980408,"y":-0.6225972771644592,"z":0.06300053745508194,"w":-0.776039719581604},"size":46.36081314086914,"orthographic":false}