{"cameraMode":{"drawMode":0,"name":"Shaded","section":"Shading Mode"},"sceneLighting":false,"audioPlay":false,"sceneViewState":{"showFog":true,"showMaterialUpdate":false,"showSkybox":false,"showFlares":true,"showImageEffects":true,"showParticleSystems":true},"in2DMode":false,"pivot":{"x":754.9749755859375,"y":372.75,"z":37.665000915527347},"rotation":{"x":0.0012049467768520117,"y":0.9985930919647217,"z":0.04615756496787071,"w":-0.026076028123497964},"size":2827.2978515625,"orthographic":false}