{"cameraMode":{"drawMode":0,"name":"Shaded","section":"Shading Mode"},"sceneLighting":true,"audioPlay":false,"sceneViewState":{"showFog":true,"showMaterialUpdate":false,"showSkybox":true,"showFlares":true,"showImageEffects":true,"showParticleSystems":true},"in2DMode":false,"pivot":{"x":2.249898910522461,"y":11.878633499145508,"z":6.19232702255249},"rotation":{"x":-0.07555021345615387,"y":0.9145131707191467,"z":0.20177313685417176,"w":0.34241124987602236},"size":5.060778617858887,"orthographic":false}