{"cameraMode":{"drawMode":0,"name":"Shaded","section":"Shading Mode"},"sceneLighting":true,"audioPlay":false,"sceneViewState":{"showFog":true,"showMaterialUpdate":false,"showSkybox":true,"showFlares":true,"showImageEffects":true,"showParticleSystems":true},"in2DMode":false,"pivot":{"x":-4.294729232788086,"y":4.684905052185059,"z":-2.4493136405944826},"rotation":{"x":-0.07342328876256943,"y":0.7939948439598084,"z":0.09790220111608505,"w":0.5954800248146057},"size":9.751646041870118,"orthographic":false}