{"cameraMode":{"drawMode":0,"name":"Shaded","section":"Shading Mode"},"sceneLighting":false,"audioPlay":false,"sceneViewState":{"showFog":true,"showMaterialUpdate":false,"showSkybox":false,"showFlares":true,"showImageEffects":true,"showParticleSystems":true},"in2DMode":false,"pivot":{"x":6.610000133514404,"y":14.970000267028809,"z":-35.970001220703128},"rotation":{"x":0.1615227311849594,"y":0.03138505294919014,"z":-0.005138549022376537,"w":0.9863564372062683},"size":22.0,"orthographic":false}