{"cameraMode":{"drawMode":0,"name":"Shaded","section":"Shading Mode"},"sceneLighting":true,"audioPlay":false,"sceneViewState":{"showFog":true,"showMaterialUpdate":false,"showSkybox":true,"showFlares":true,"showImageEffects":true,"showParticleSystems":true},"in2DMode":false,"pivot":{"x":-15.485456466674805,"y":2.35414457321167,"z":16.153135299682618},"rotation":{"x":-0.036748167127370837,"y":0.23489543795585633,"z":-0.008888407610356808,"w":-0.9712851047515869},"size":10.357069969177246,"orthographic":false}