{"cameraMode":{"drawMode":0,"name":"Shaded","section":"Shading Mode"},"sceneLighting":false,"audioPlay":false,"sceneViewState":{"showFog":true,"showMaterialUpdate":false,"showSkybox":false,"showFlares":true,"showImageEffects":true,"showParticleSystems":true},"in2DMode":false,"pivot":{"x":-1.499000072479248,"y":0.5361249446868897,"z":16.164846420288087},"rotation":{"x":-0.15218257904052735,"y":-0.6476671695709229,"z":0.13420484960079194,"w":-0.7344092130661011},"size":3.3940558433532717,"orthographic":false}