{"cameraMode":{"drawMode":0,"name":"Shaded","section":"Shading Mode"},"sceneLighting":true,"audioPlay":false,"sceneViewState":{"showFog":true,"showMaterialUpdate":false,"showSkybox":true,"showFlares":true,"showImageEffects":false,"showParticleSystems":true},"in2DMode":false,"pivot":{"x":-8.807916641235352,"y":-9.991900444030762,"z":-32.818016052246097},"rotation":{"x":-0.005184277426451445,"y":-0.9891601204872131,"z":0.14225220680236817,"w":-0.03605162724852562},"size":50.60880661010742,"orthographic":false}