{"cameraMode":{"drawMode":0,"name":"Shaded","section":"Shading Mode"},"sceneLighting":true,"audioPlay":false,"sceneViewState":{"showFog":true,"showMaterialUpdate":false,"showSkybox":true,"showFlares":true,"showImageEffects":true,"showParticleSystems":true},"in2DMode":false,"pivot":{"x":-33.97096252441406,"y":-9.243936538696289,"z":1.7153708934783936},"rotation":{"x":0.1927238553762436,"y":-0.6965320706367493,"z":0.20320530235767365,"w":0.6606121063232422},"size":23.68606185913086,"orthographic":false}