{"cameraMode":{"drawMode":0,"name":"Shaded","section":"Shading Mode"},"sceneLighting":true,"audioPlay":false,"sceneViewState":{"showFog":true,"showMaterialUpdate":false,"showSkybox":true,"showFlares":true,"showImageEffects":true,"showParticleSystems":true},"in2DMode":false,"pivot":{"x":4.873597145080566,"y":26.084190368652345,"z":18.536968231201173},"rotation":{"x":0.34611570835113528,"y":0.03514144569635391,"z":0.0129761453717947,"w":-0.9374436736106873},"size":35.380226135253909,"orthographic":false}