{"cameraMode":{"drawMode":0,"name":"Shaded","section":"Shading Mode"},"sceneLighting":false,"audioPlay":false,"sceneViewState":{"showFog":true,"showMaterialUpdate":false,"showSkybox":false,"showFlares":true,"showImageEffects":true,"showParticleSystems":true},"in2DMode":false,"pivot":{"x":0.09010531008243561,"y":1.533529281616211,"z":1.3197565078735352},"rotation":{"x":-0.08837581425905228,"y":0.7069463133811951,"z":-0.08977112919092179,"w":-0.6959582567214966},"size":7.955636978149414,"orthographic":false}