{"cameraMode":{"drawMode":0,"name":"Shaded","section":"Shading Mode"},"sceneLighting":true,"audioPlay":false,"sceneViewState":{"showFog":true,"showMaterialUpdate":false,"showSkybox":true,"showFlares":true,"showImageEffects":true,"showParticleSystems":true},"in2DMode":false,"pivot":{"x":0.08698389679193497,"y":1.533529281616211,"z":1.20839524269104},"rotation":{"x":-0.08837581425905228,"y":0.7069463133811951,"z":-0.08977112919092179,"w":-0.6959582567214966},"size":7.643637180328369,"orthographic":false}